<?xml version="1.0" encoding="UTF-8"?>
<!DOCTYPE mapper
    PUBLIC "-//mybatis.org//DTD Mapper 3.0//EN"
    "https://mybatis.org/dtd/mybatis-3-mapper.dtd">
<mapper namespace="com.lec.ch15.dao.EmpDao">
	<resultMap type="Emp" id="EmpResult">
		<result property="empno" column="empno"/>
		<result property="ename" column="ename"/>
		<result property="job" column="job"/>
		<result property="mgr" column="mgr"/>
		<result property="hiredate" column="hiredate"/>
		<result property="sal" column="sal"/>
		<result property="comm" column="comm"/>
		<result property="deptno" column="deptno"/>
		<result property="dname" column="dname"/>
		<result property="loc" column="loc"/>
	</resultMap>
	
</mapper>













